positionName,salary,workYear
北京,,
Python爬虫工程师,6k-10k,1-3年
Python爬虫工程师,20k-40k,1-3年
Python爬虫工程师,15k-30k,3-5年
Python爬虫工程师,10k-20k,1-3年
Python爬虫工程师,10k-18k,不限
Python研发工程师（爬虫方向）,9k-15k,1-3年
Python爬虫工程师,10k-15k,1-3年
Python爬虫工程师,20k-30k,3-5年
Python工程师（爬虫）,10k-15k,3-5年
Python爬虫工程师,6k-12k,1-3年
Python爬虫工程师,15k-30k,3-5年
Python爬虫工程师,15k-30k,3-5年
python爬虫工程师,15k-30k,1-3年
Python 爬虫方向,10k-20k,3-5年
python爬虫工程师,10k-16k,1-3年
高级Python爬虫工程师,18k-30k,1-3年
Python爬虫工程师,15k-25k,3-5年
python爬虫工程师,17k-32k,3-5年
Python研发工程师(爬虫方向),16k-22k,3-5年
python爬虫工程师,15k-20k,1-3年
高级爬虫工程师/python开发,10k-15k,3-5年
python爬虫工程师,10k-20k,3-5年
Python爬虫工程师,25k-35k,3-5年
Python 爬虫工程师-Java,8k-11k,3-5年
爬虫-高级工程师(PYTHON),15k-20k,3-5年
Python爬虫工程师,15k-30k,3-5年
爬虫工程师（python）,10k-20k,1-3年
Python爬虫工程师,8k-12k,1-3年
Python爬虫工程师,20K-40K,3-5年
Python爬虫开发工程师,10k-15k,1-3年
Python高级爬虫工程师,17k-32k,3-5年
python爬虫工程师,7k-10k,1-3年
python爬虫工程师,10k-18k,1-3年
Python爬虫工程师,20k-40k,3-5年
Python爬虫工程师,15k-30k,1-3年
Python爬虫工程师,15k-25k,3-5年
高级 Python 爬虫工程师,10k-20k,3-5年
Python工程师(爬虫),10k-15k,1-3年
Python工程师/ 爬虫工程师,15k-25k,3-5年
爬虫工程师python,7K-14K,3-5年
Python爬虫工程师,12k-18k,3-5年
Python爬虫工程师,8k-15k,1-3年
PHP/Python爬虫开发工程师,4k-8k,1-3年
Python爬虫开发工程师,8k-16k,不限
Python爬虫实习生,3k-5k,应届毕业生
Python爬虫工程师,5k-10k,1-3年
python爬虫工程师,10k-15k,1-3年
招一个Python工程师（爬虫方向），来了解一下~,15k-30k,3-5年
python爬虫,11k-15k,1-3年
python爬虫工程师,15k-25k,1-3年
Python爬虫工程师,8k-14k,1-3年
爬虫开发经理（Python）,15k-30k,5-10年
python爬虫,10k-18k,1-3年
Python爬虫工程师,6k-12k,3-5年
Python开发工程师,15k-30k,1-3年
python爬虫开发,20k-35k,不限
爬虫/python工程师,12k-24k,3-5年
Python爬虫研发工程师,9k-15k,1-3年
python爬虫,6K-12K,不限
Python Web 爬虫工程师,6k-11k,1-3年
Python爬虫,10k-13k,1-3年
高级python（爬虫方向）,18k-32k,3-5年
python爬虫工程师,10k-20k,3-5年
python爬虫开发工程师,25k-35k,5-10年
Python爬虫开发工程师,10k-15k,3-5年
Python爬虫工程师,5K-8K,不限
Python开发工程师,15k-30k,1-3年
Python爬虫工程师,10k-15k,3-5年
python爬虫工程师,15k-25k,1-3年
Python 爬虫和数据处理工程师,10k-20k,3-5年
大数据部-Python爬虫工程师,4k-6k,应届毕业生
Python爬虫开发工程师,12k-24k,3-5年
Python爬虫工程师,12k-24k,1-3年
Java／Python高级开发职责描述（爬虫方向）,15k-28k,3-5年
python爬虫工程师,6k-10k,1-3年
python爬虫,10K-20K,3-5年
Python 爬虫,8k-15k,1-3年
python爬虫实习工程师,2k-4k,不限
爬虫实习生（java/Python）,4k-6k,1年以下
python数据爬虫工程师,15k-20k,1-3年
Python开发工程师-爬虫-DNJS0008,12k-24k,3-5年
python爬虫工程师,10k-18k,3-5年
Python开发工程师(爬虫方向),15K-30K,3-5年
python数据爬虫工程师,15k-20k,3-5年
爬虫工程师（python/Java）,8k-14k,1-3年
Python,8k-12k,1-3年
Python Web 爬虫工程师,10k-15k,应届毕业生
python工程师,15k-30k,1-3年
Python开发工程师,20k-40k,1-3年
Python工程师,10k-20k,3-5年
Python爬虫工程师,8k-14k,1-3年
Python应届毕业生,4k-6k,1年以下
爬虫工程师python、java、golang,6k-12k,1-3年
高级 Python 工程师,20k-40k,3-5年
python工程师,12k-24k,3-5年
Python工程师实习生,2k-4k,应届毕业生
Python AI工程师,20k-25k,3-5年
python数据爬虫工程师,8k-12k,3-5年
高级Python开发工程师,16k-22k,3-5年
Python主管,20k-35k,5-10年
Python开发工程师,10k-20k,1-3年
Python 开发工程师,20k以上,不限
系统开发工程师（Python）,20k-30k,5-10年
python开发工程师,20k-40k,1-3年
Python Engineer,16k-28k,3-5年
Python软件开发工程师,6k-9k,1年以下
Python开发工程师,20k-30k,3-5年
python开发工程师,12k-19k,3-5年
Python 开发工程师,15k-25k,1-3年
量化平台研发工程师-python,15k-25k,3-5年
高级Python开发工程师,25k-50k,3-5年
python开发工程师,15k-25k,1-3年
python开发实习生（双休+补贴）,4k-6k,不限
Python高级开发工程师,20k-30k,3-5年
Python开发工程师,12k-20k,3-5年
Python开发工程师,18k-22k,3-5年
Python开发工程师,20k-30k,3-5年
Python 研发工程师,25k-45k,3-5年
Python高级开发工程师,16k-22k,3-5年
Python程序员,8k-15k,3-5年
Python开发工程师,7k-8k,1年以下
python工程师,8k-14k,1-3年
python工程师助理,4k-6k,不限
Python研发实习生,3k-5k,应届毕业生
高级Python开发工程师,20k-30k,3-5年
Python开发工程师,20k-40k,1-3年
资深python开发工程师,25k-35k,3-5年
Python研发工程师,15k-23k,1-3年
Python开发工程师,10k-20k,3-5年
Python开发工程师,8k-11k,1-3年
高级Python开发工程师,25k-45k,3-5年
python开发工程师,6k-12k,1-3年
高级Python开发,15k-25k,1-3年
Python 高级开发工程师,20k-40k,3-5年
Python高级研发工程师,15k-30k,5-10年
Python开发工程师,12k-18k,3-5年
python开发工程师,8k-10k,3-5年
Python开发,12k-17k,3-5年
高级 Python 开发工程师,15k-30k,不限
Python开发工程师,20k-40k,5-10年
Python开发攻城狮,20k-40k,不限
Python开发,4k-8k,不限
Python开发工程师,20k-35k,3-5年
Python 开发工程师,15k-20k,1-3年
Python开发工程师（南京）,10k-18k,1-3年
Python架构师,30k-35k,5-10年
Python开发工程师,10k-20k,1-3年
python 开发工程师,10k-20k,1-3年
高级Python开发工程师,15k-30k,3-5年
PYTHON高级开发工程师,16k-22k,3-5年
Python开发工程师,15k-30k,5-10年
Python开发工程师,10k-18k,3-5年
Python开发工程师,8k-14k,3-5年
Python开发,15k-30k,3-5年
高级Python工程师,25k-35k,3-5年
Python后端,12k-17k,3-5年
Python工程师,15k-25k,1-3年
Python开发工程师,8k-15k,1-3年
高级Python工程师,15K-20K,3-5年
Python高级开发工程师,12k-20k,3-5年
Python开发工程师,8k-16k,1-3年
Python 工程师,15k-30k,1-3年
Python工程师,8k-16k,1-3年
Python工程师,20k-40k,1-3年
Python开发工程师,25k-50k,3-5年
python开发,10K-20K,3-5年
资深 Python 研发工程师,20k-30k,3-5年
python开发工程师,8k-13k,1-3年
Python开发工程师,12k-20k,3-5年
Python开发工程师,10k-20k,3-5年
Python开发工程师,18k-35k,3-5年
103-中级Python开发工程师,15k-25k,3-5年
高级Python开发工程师,16k-32k,3-5年
Python开发工程师,20k-35k,1-3年
Python工程师,10k-20k,1-3年
高级Python开发工程师,25k-50k,3-5年
高级Python开发工程师,25k-50k,3-5年
极光调研 - 高级 Python 工程师,18k-35k,3-5年
python开发工程师,10k-20k,3-5年
Python开发工程师,8k-15k,1-3年
Python开发工程师,11k-18k,1-3年
Python开发工程师601156,20k-30k,3-5年
Python开发工程师,5k-10k,1-3年
Python工程师,6k-12k,应届毕业生
Python开发工程司,15k-25k,5-10年
Python软件开发工程师,10k-15k,1-3年
Python开发,12k-24k,1-3年
Python服务端工程师/Python开发工程师,8k-15k,1年以下
Python高级开发工程师,15k-25k,3-5年
Python开发工程师,11k-22k,3-5年
Python研发工程师,15k-25k,3-5年
Python后端工程师,25k-50k,3-5年
Python开发工程师,25k-30k,3-5年
Python开发工程师,15k-30k,不限
Python开发工程师,20k-30k,3-5年
Python开发工程师,10k-15k,3-5年
Python开发师,15k-30k,3-5年
Python开发工程师（中高级）,12k-20k,3-5年
Python,30k-40k,3-5年
Python后端工程师,15k-25k,3-5年
Python开发工程师,15k-30k,3-5年
python高级后端工程师,25k-50k,5-10年
高级Python研发工程师,15k-30k,3-5年
Python工程师,15k-25k,3-5年
Python,8k-15k,3-5年
python开发工程师,20k-40k,不限
Python研发工程师,25k-35k,3-5年
Python开发工程师（Web方向）,15k-20k,1-3年
Python开发工程师,15k-30k,3-5年
python开发工程师,15k-20k,3-5年
python开发,5k-10k,1-3年
python研发工程师,15k-30k,1年以下
Python开发实习生 - 短视频方向,4k-8k,应届毕业生
Python开发工程师(MJ000810),15k-30k,1-3年
Python开发工程师,15k-25k,3-5年
Python开发工程师,8k-15k,1-3年
Python工程师,10k-20k,3-5年
高级Java/Python开发工程师,30k-40k,5-10年
资深Python开发工程师,15k-30k,3-5年
Python开发,15k-30k,3-5年
Python开发工程师-pass平台方向,25k-50k,5-10年
Python开发岗,10k-20k,1-3年
python工程师,15k-25k,1-3年
中级python研发工程师,8k-15k,3-5年
Python工程师,13k-25k,3-5年
python工程师 (MJ000272),20k-40k,3-5年
python软件开发工程师,6k-12k,不限
Python,15K-30K,3-5年
Python讲师,20k-40k,3-5年
32-高级Python开发工程师,17k-30k,3-5年
Python开发工程师,8k-12k,1-3年
Python开发,9k-18k,3-5年
Python 开发工程师,18k-36k,1-3年
python工程师,15k-30k,3-5年
Python开发工程师,10k-20k,3-5年
python后端开发,15k-20k,3-5年
Python,13k-26k,3-5年
Python开发工程师,15k-25k,3-5年
Python后端开发工程师,25k-40k,3-5年
Python开发／后端软件工程师.,20k-30k,3-5年
Python讲师,15k-30k,3-5年
python高级工程师,25k-35k,5-10年
Python工程师,15k-30k,3-5年
Python工程师,20k-30k,1-3年
Python开发工程师,15k-20k,3-5年
python开发工程师,12k-20k,3-5年
Python开发实习(天津岗）,2k-3k,不限
Python,6k-12k,1-3年
Python工程师,10k-20k,3-5年
Python工程师,15k-30k,1-3年
Python,10k-15k,1-3年
python研发工程师,30k-40k,5-10年
Python开发,14k-25k,1年以下
python web开发工程师,10k-20k,3-5年
Python开发工程师,15k-30k,1-3年
Linux C++/Python开发工程师,15k-25k,3-5年
python,20k-40k,3-5年
Python研发工程师,25k-50k,5-10年
Python开发工程师-运维平台方向,20k-30k,3-5年
Python开发工程师,15k-25k,1-3年
Python,15k-30k,1-3年
Python工程师,15k-30k,3-5年
Python开发工程师,10k-15k,1-3年
Python讲师,20k-30k,3-5年
Python开发工程师,15k-30k,3-5年
Python开发工程师,18K-30K,3-5年
Python开发工程师,10k-15k,1-3年
Python工程师,15k-30k,1-3年
python开发,10k-18k,1-3年
高级Python工程师,20k-40k,3-5年
Python讲师,20k-40k,3-5年
Python开发工程师-自动化网络方向,18k-30k,3-5年
高级Python开发工程师,20k-30k,3-5年
python开发,10k-20k,3-5年
python开发工程师,6k-12k,1-3年
高级python工程师,20k-40k,3-5年
python工程师,15k-25k,3-5年
服务端高级开发工程师Golang/Python,35k-45k,3-5年
python开发工程师,20k-35k,1-3年
高级Python开发,15k-30k,3-5年
高级python开发工程师,15k-20k,3-5年
Python开发工程师,15k-30k,3-5年
高级Python研发工程师,25k-35k,3-5年
高级Python开发工程师,15k-30k,3-5年
python工程师,20K-40K,3-5年
Python讲师,20k-40k,3-5年
Python 开发工程师,15k-17k,3-5年
Python工程师,10k-20k,不限
资深python开发工程师,15k-25k,5-10年
高级python工程师,20k-40k,5-10年
Python中级开发工程师,15k-30k,3-5年
python开发工程师,15k-30k,不限
Python开发工程师,11k-20k,3-5年
python开发工程师,20k-40k,不限
Python,15k-25k,5-10年
Python开发,6k-10k,1-3年
高级Python开发工程师,15k-22k,3-5年
python工程师,8k-15k,3-5年
python开发工程师,15k-25k,1-3年
高级Python开发工程师,30k-45k,3-5年
python技术总监,25k-50k,3-5年
Python开发,9k-16k,1-3年
Python开发工程师-base北京,12k-18k,3-5年
Python开发工程师（网安）-北京,15k-20k,3-5年
python开发工程师,10k-17k,3-5年
Python工程师（智能硬件）,20k-30k,5-10年
高级Python开发工程师,20k-40k,3-5年
高级python开发工程师,15k-25k,3-5年
Python 开发工程师,18k-36k,1-3年
python研发工程师,15k-30k,1年以下
高级Python开发工程师,12k-24k,1-3年
python工程师,20k-40k,5-10年
Python工程师,10k-20k,1-3年
高级/资深 python开发工程师,20k-30k,3-5年
Python工程师,18K-35K,3-5年
Python讲师,20k-40k,3-5年
Python开发工程师,15k-30k,3-5年
高级Python工程师,20k-40k,1-3年
python开发,10k-15k,3-5年
python开发,8k-11k,1-3年
Python工程师,15k-30k,1-3年
高级Python工程师,15k-25k,3-5年
高级Python开发工程师,20k-40k,3-5年
高级python研发工程师,20k-40k,5-10年
Python开发工程师,20k-35k,3-5年
Python开发工程师,15k-30k,5-10年
Python开发实习生-短视频方向,4k-8k,不限
Python开发工程师,15k-25k,3-5年
基础平台开发-python,25k-30k,1-3年
python后台开发工程师,15k-25k,3-5年
python讲师,20k-40k,3-5年
Python工程师,15k-30k,1-3年
python 开发工程师,7k-10k,1-3年
Python讲师,10k-20k,3-5年
PYTHON研发工程师,25k-35k,3-5年
Python开发工程师,15k-30k,1-3年
高级Python开发工程师,20k-40k,3-5年
python开发工程师,20k-40k,3-5年
Python,15k-30k,3-5年
python开发工程师,15k-20k,3-5年
Python开发,8k-15k,3-5年
Python 开发工程师,15k-30k,3-5年
Python,20k-30k,1-3年
Python开发工程师,20k-40k,3-5年
高级Python后端工程师,25k-50k,3-5年
Python讲师,15k-20k,3-5年
Python后端开发,15k-30k,3-5年
Python 开发工程师,15k-30k,1-3年
python客户端开发工程师,6k-12k,1-3年
Python高级开发工程师,15k-25k,1-3年
Python工程师,20k-35k,3-5年
Python开发工程师,20k-40k,3-5年
Python开发工程师,8k-16k,3-5年
高级python开发工程师,15k-30k,1-3年
Python开发工程师,15k-30k,1-3年
python开发工程师,15k-30k,3-5年
Python开发工程师,20k-40k,1-3年
资深Python开发工程师,25k-35k,5-10年
Python开发工程师,11K-22K,1-3年
Python开发工程师,5k-10k,3-5年
Python开发,12k-22k,3-5年
Python讲师,20k-40k,3-5年
python开发工程师,20k-30k,3-5年
Python工程师,15k-25k,3-5年
Python开发工程师,15k-25k,3-5年
PYTHON 开发工程师,13k-24k,5-10年
Python开发工程师,20k-40k,3-5年
高级开发工程师（Go&amp;Python）,15k-30k,3-5年
高级python开发工程师,20k-40k,3-5年
Python研发工程师（中高级）,15k-25k,3-5年
Python开发工程师,15k-20k,5-10年
Python开发工程师-pass平台方向,25k-50k,5-10年
Python,8k-12k,1-3年
python开发工程师,6k-9k,1-3年
python开发工程师,15k-20k,1-3年
python讲师,20k-40k,3-5年
Python开发工程师,15k-30k,1-3年
Python,12k-15k,3-5年
高级Python开发工程师,25k-35k,5-10年
Python后台开发工程师,15k-30k,3-5年
python开发工程师,20k-40k,1-3年
高级python开发工程师,20k-30k,3-5年
Python 中高级工程师,25k-50k,3-5年
Python工程师(新闻类),20k-30k,3-5年
Python/Golang开发工程师,15k-30k,3-5年
python工程师,10k-18k,3-5年
Python开发工程师,15k-25k,1-3年
Python工程师,10k-20k,1-3年
Python开发工程师,12k-24k,3-5年
Python开发工程师,8k-12k,1-3年
python讲师,20k-40k,3-5年
Python/Puppet 开发工程师,16k-25k,5-10年
Python后端工程师,15k-25k,1-3年
python开发工程师,15k-25k,1-3年
python开发工程师,15k-30k,3-5年
Python开发工程师,10k-20k,1-3年
Python（Tools Dev）,15k-22k,3-5年
Python（公有云）,25k-40k,5-10年
Python web 开发,11k-22k,3-5年
python开发（外包）,12k-18k,3-5年
高级python 开发工程师,12k-24k,3-5年
高级Python开发工程师,16k-30k,3-5年
Python开发（上海）,8k-14k,1-3年
Python开发工程师,6k-10k,3-5年
Python/Odoo高级开发工程师,15k-20k,3-5年
Python讲师,15k-30k,3-5年
Python开发,17k-19k,5-10年
Python工程师,25k-40k,3-5年
python开发工程师（本科，2年+）,10k-20k,1-3年
python开发实习生（西安）,2k-3k,不限
高级Python开发工程师,15k-30k,3-5年
Python专家,20k-40k,5-10年
资深Python 开发工程师,25k-50k,3-5年
python后端,15K-20K,3-5年
python,6K-8K,1年以下
QT/Python开发工程师,8k-15k,1-3年
Python/Go 运维开发工程师,15k-25k,3-5年
高级Python开发工程师,20k-40k,3-5年
Python高级开发工程师,10k-20k,1-3年
高级Python工程师,20k-40k,3-5年
Python,15k-30k,3-5年
Python讲师,20k-40k,3-5年
Python/Puppet Developer,18k-23k,不限
Python开发工程师,9k-15k,1-3年
Python开发工程师,18k-35k,3-5年
Python开发工程师（运维开发）,15k-30k,3-5年
python工程师,15k-30k,3-5年
Python 工程师,15k-30k,3-5年
python开发运维,12k-24k,1-3年
资深python开发工程师,15k-25k,3-5年
python运维开发,10k-18k,1-3年
Python开发工程师,15k-20k,3-5年
Python开发工程师（后端）,20k-30k,1-3年
中级Python开发工程师,15k-25k,3-5年
高级python工程师,25k-50k,3-5年
Python,10K-20K,3-5年
Go/Python开发工程师,25k-50k,3-5年
Python开发工程师（数据方向）,15k-20k,1-3年
Python 高级开发工程师,15k-30k,5-10年
高级python开发工程师,15k-30k,3-5年
Python后端开发工程师,8k-15k,3-5年
python工程师,12K-20K,3-5年
python后端开发工程师,15k-25k,3-5年
后端开发工程师（Python）,16k-32k,3-5年
高级Python开发,25k-35k,5-10年
高级Python开发工程师,12k-20k,3-5年
Python开发,7k-14k,不限
运维开发（python方向）,12k-24k,1-3年
python高级工程师-北京,25k-40k,5-10年
Python开发工程师[亦庄],15k-30k,不限
上海,,
Python爬虫工程师,6k-10k,1-3年
Python爬虫工程师,20k-40k,1-3年
Python爬虫工程师,15k-30k,3-5年
Python爬虫工程师,10k-20k,1-3年
Python爬虫工程师,10k-18k,不限
Python研发工程师（爬虫方向）,9k-15k,1-3年
Python爬虫工程师,10k-15k,1-3年
Python爬虫工程师,20k-30k,3-5年
Python工程师（爬虫）,10k-15k,3-5年
Python爬虫工程师,6k-12k,1-3年
Python爬虫工程师,15k-30k,3-5年
Python爬虫工程师,15k-30k,3-5年
python爬虫工程师,15k-30k,1-3年
Python 爬虫方向,10k-20k,3-5年
python爬虫工程师,10k-16k,1-3年
高级Python爬虫工程师,18k-30k,1-3年
Python爬虫工程师,15k-25k,3-5年
python爬虫工程师,17k-32k,3-5年
Python研发工程师(爬虫方向),16k-22k,3-5年
python爬虫工程师,15k-20k,1-3年
高级爬虫工程师/python开发,10k-15k,3-5年
python爬虫工程师,10k-20k,3-5年
Python爬虫工程师,25k-35k,3-5年
Python 爬虫工程师-Java,8k-11k,3-5年
爬虫-高级工程师(PYTHON),15k-20k,3-5年
Python爬虫工程师,15k-30k,3-5年
爬虫工程师（python）,10k-20k,1-3年
Python爬虫工程师,8k-12k,1-3年
Python爬虫工程师,20K-40K,3-5年
Python爬虫开发工程师,10k-15k,1-3年
Python高级爬虫工程师,17k-32k,3-5年
python爬虫工程师,7k-10k,1-3年
python爬虫工程师,10k-18k,1-3年
Python爬虫工程师,20k-40k,3-5年
Python爬虫工程师,15k-30k,1-3年
Python爬虫工程师,15k-25k,3-5年
高级 Python 爬虫工程师,10k-20k,3-5年
Python工程师(爬虫),10k-15k,1-3年
Python工程师/ 爬虫工程师,15k-25k,3-5年
爬虫工程师python,7K-14K,3-5年
Python爬虫工程师,12k-18k,3-5年
Python爬虫工程师,8k-15k,1-3年
PHP/Python爬虫开发工程师,4k-8k,1-3年
Python爬虫开发工程师,8k-16k,不限
Python爬虫实习生,3k-5k,应届毕业生
Python爬虫工程师,5k-10k,1-3年
python爬虫工程师,10k-15k,1-3年
招一个Python工程师（爬虫方向），来了解一下~,15k-30k,3-5年
python爬虫,11k-15k,1-3年
python爬虫工程师,15k-25k,1-3年
Python爬虫工程师,8k-14k,1-3年
爬虫开发经理（Python）,15k-30k,5-10年
python爬虫,10k-18k,1-3年
Python爬虫工程师,6k-12k,3-5年
Python开发工程师,15k-30k,1-3年
python爬虫开发,20k-35k,不限
爬虫/python工程师,12k-24k,3-5年
Python爬虫研发工程师,9k-15k,1-3年
python爬虫,6K-12K,不限
Python Web 爬虫工程师,6k-11k,1-3年
Python爬虫,10k-13k,1-3年
高级python（爬虫方向）,18k-32k,3-5年
python爬虫工程师,10k-20k,3-5年
python爬虫开发工程师,25k-35k,5-10年
Python爬虫开发工程师,10k-15k,3-5年
Python爬虫工程师,5K-8K,不限
Python开发工程师,15k-30k,1-3年
Python爬虫工程师,10k-15k,3-5年
python爬虫工程师,15k-25k,1-3年
Python 爬虫和数据处理工程师,10k-20k,3-5年
大数据部-Python爬虫工程师,4k-6k,应届毕业生
Python爬虫开发工程师,12k-24k,3-5年
Python爬虫工程师,12k-24k,1-3年
Java／Python高级开发职责描述（爬虫方向）,15k-28k,3-5年
python爬虫工程师,6k-10k,1-3年
python爬虫,10K-20K,3-5年
Python 爬虫,8k-15k,1-3年
python爬虫实习工程师,2k-4k,不限
爬虫实习生（java/Python）,4k-6k,1年以下
python数据爬虫工程师,15k-20k,1-3年
Python开发工程师-爬虫-DNJS0008,12k-24k,3-5年
python爬虫工程师,10k-18k,3-5年
Python开发工程师(爬虫方向),15K-30K,3-5年
python数据爬虫工程师,15k-20k,3-5年
爬虫工程师（python/Java）,8k-14k,1-3年
Python,8k-12k,1-3年
Python Web 爬虫工程师,10k-15k,应届毕业生
python工程师,15k-30k,1-3年
Python开发工程师,20k-40k,1-3年
Python工程师,10k-20k,3-5年
Python爬虫工程师,8k-14k,1-3年
Python应届毕业生,4k-6k,1年以下
爬虫工程师python、java、golang,6k-12k,1-3年
高级 Python 工程师,20k-40k,3-5年
python工程师,12k-24k,3-5年
Python工程师实习生,2k-4k,应届毕业生
Python AI工程师,20k-25k,3-5年
python数据爬虫工程师,8k-12k,3-5年
高级Python开发工程师,16k-22k,3-5年
Python主管,20k-35k,5-10年
Python开发工程师,10k-20k,1-3年
Python 开发工程师,20k以上,不限
系统开发工程师（Python）,20k-30k,5-10年
python开发工程师,20k-40k,1-3年
Python Engineer,16k-28k,3-5年
Python软件开发工程师,6k-9k,1年以下
Python开发工程师,20k-30k,3-5年
python开发工程师,12k-19k,3-5年
Python 开发工程师,15k-25k,1-3年
量化平台研发工程师-python,15k-25k,3-5年
高级Python开发工程师,25k-50k,3-5年
python开发工程师,15k-25k,1-3年
python开发实习生（双休+补贴）,4k-6k,不限
Python高级开发工程师,20k-30k,3-5年
Python开发工程师,12k-20k,3-5年
Python开发工程师,18k-22k,3-5年
Python开发工程师,20k-30k,3-5年
Python 研发工程师,25k-45k,3-5年
Python高级开发工程师,16k-22k,3-5年
Python程序员,8k-15k,3-5年
Python开发工程师,7k-8k,1年以下
python工程师,8k-14k,1-3年
python工程师助理,4k-6k,不限
Python研发实习生,3k-5k,应届毕业生
高级Python开发工程师,20k-30k,3-5年
Python开发工程师,20k-40k,1-3年
资深python开发工程师,25k-35k,3-5年
Python研发工程师,15k-23k,1-3年
Python开发工程师,10k-20k,3-5年
Python开发工程师,8k-11k,1-3年
高级Python开发工程师,25k-45k,3-5年
python开发工程师,6k-12k,1-3年
高级Python开发,15k-25k,1-3年
Python 高级开发工程师,20k-40k,3-5年
Python高级研发工程师,15k-30k,5-10年
Python开发工程师,12k-18k,3-5年
python开发工程师,8k-10k,3-5年
Python开发,12k-17k,3-5年
高级 Python 开发工程师,15k-30k,不限
Python开发工程师,20k-40k,5-10年
Python开发攻城狮,20k-40k,不限
Python开发,4k-8k,不限
Python开发工程师,20k-35k,3-5年
Python 开发工程师,15k-20k,1-3年
Python开发工程师（南京）,10k-18k,1-3年
Python架构师,30k-35k,5-10年
Python开发工程师,10k-20k,1-3年
python 开发工程师,10k-20k,1-3年
高级Python开发工程师,15k-30k,3-5年
PYTHON高级开发工程师,16k-22k,3-5年
Python开发工程师,15k-30k,5-10年
Python开发工程师,10k-18k,3-5年
Python开发工程师,8k-14k,3-5年
Python开发,15k-30k,3-5年
高级Python工程师,25k-35k,3-5年
Python后端,12k-17k,3-5年
Python工程师,15k-25k,1-3年
Python开发工程师,8k-15k,1-3年
高级Python工程师,15K-20K,3-5年
Python高级开发工程师,12k-20k,3-5年
Python开发工程师,8k-16k,1-3年
Python 工程师,15k-30k,1-3年
Python工程师,8k-16k,1-3年
Python工程师,20k-40k,1-3年
Python开发工程师,25k-50k,3-5年
python开发,10K-20K,3-5年
资深 Python 研发工程师,20k-30k,3-5年
python开发工程师,8k-13k,1-3年
Python开发工程师,12k-20k,3-5年
Python开发工程师,10k-20k,3-5年
Python开发工程师,18k-35k,3-5年
103-中级Python开发工程师,15k-25k,3-5年
高级Python开发工程师,16k-32k,3-5年
Python开发工程师,20k-35k,1-3年
Python工程师,10k-20k,1-3年
高级Python开发工程师,25k-50k,3-5年
高级Python开发工程师,25k-50k,3-5年
极光调研 - 高级 Python 工程师,18k-35k,3-5年
python开发工程师,10k-20k,3-5年
Python开发工程师,8k-15k,1-3年
Python开发工程师,11k-18k,1-3年
Python开发工程师601156,20k-30k,3-5年
Python开发工程师,5k-10k,1-3年
Python工程师,6k-12k,应届毕业生
Python开发工程司,15k-25k,5-10年
Python软件开发工程师,10k-15k,1-3年
Python开发,12k-24k,1-3年
Python服务端工程师/Python开发工程师,8k-15k,1年以下
Python高级开发工程师,15k-25k,3-5年
Python开发工程师,11k-22k,3-5年
Python研发工程师,15k-25k,3-5年
Python后端工程师,25k-50k,3-5年
Python开发工程师,25k-30k,3-5年
Python开发工程师,15k-30k,不限
Python开发工程师,20k-30k,3-5年
Python开发工程师,10k-15k,3-5年
Python开发师,15k-30k,3-5年
Python开发工程师（中高级）,12k-20k,3-5年
Python,30k-40k,3-5年
Python后端工程师,15k-25k,3-5年
Python开发工程师,15k-30k,3-5年
python高级后端工程师,25k-50k,5-10年
高级Python研发工程师,15k-30k,3-5年
Python工程师,15k-25k,3-5年
Python,8k-15k,3-5年
python开发工程师,20k-40k,不限
Python研发工程师,25k-35k,3-5年
Python开发工程师（Web方向）,15k-20k,1-3年
Python开发工程师,15k-30k,3-5年
python开发工程师,15k-20k,3-5年
python开发,5k-10k,1-3年
python研发工程师,15k-30k,1年以下
Python开发实习生 - 短视频方向,4k-8k,应届毕业生
Python开发工程师(MJ000810),15k-30k,1-3年
Python开发工程师,15k-25k,3-5年
Python开发工程师,8k-15k,1-3年
Python工程师,10k-20k,3-5年
高级Java/Python开发工程师,30k-40k,5-10年
资深Python开发工程师,15k-30k,3-5年
Python开发,15k-30k,3-5年
Python开发工程师-pass平台方向,25k-50k,5-10年
Python开发岗,10k-20k,1-3年
python工程师,15k-25k,1-3年
中级python研发工程师,8k-15k,3-5年
Python工程师,13k-25k,3-5年
python工程师 (MJ000272),20k-40k,3-5年
python软件开发工程师,6k-12k,不限
Python,15K-30K,3-5年
Python讲师,20k-40k,3-5年
32-高级Python开发工程师,17k-30k,3-5年
Python开发工程师,8k-12k,1-3年
Python开发,9k-18k,3-5年
Python 开发工程师,18k-36k,1-3年
python工程师,15k-30k,3-5年
Python开发工程师,10k-20k,3-5年
python后端开发,15k-20k,3-5年
Python,13k-26k,3-5年
Python开发工程师,15k-25k,3-5年
Python后端开发工程师,25k-40k,3-5年
Python开发／后端软件工程师.,20k-30k,3-5年
Python讲师,15k-30k,3-5年
python高级工程师,25k-35k,5-10年
Python工程师,15k-30k,3-5年
Python工程师,20k-30k,1-3年
Python开发工程师,15k-20k,3-5年
python开发工程师,12k-20k,3-5年
Python开发实习(天津岗）,2k-3k,不限
Python,6k-12k,1-3年
Python工程师,10k-20k,3-5年
Python工程师,15k-30k,1-3年
Python,10k-15k,1-3年
python研发工程师,30k-40k,5-10年
Python开发,14k-25k,1年以下
python web开发工程师,10k-20k,3-5年
Python开发工程师,15k-30k,1-3年
Linux C++/Python开发工程师,15k-25k,3-5年
python,20k-40k,3-5年
Python研发工程师,25k-50k,5-10年
Python开发工程师-运维平台方向,20k-30k,3-5年
Python开发工程师,15k-25k,1-3年
Python,15k-30k,1-3年
Python工程师,15k-30k,3-5年
Python开发工程师,10k-15k,1-3年
Python讲师,20k-30k,3-5年
Python开发工程师,15k-30k,3-5年
Python开发工程师,18K-30K,3-5年
Python开发工程师,10k-15k,1-3年
Python工程师,15k-30k,1-3年
python开发,10k-18k,1-3年
高级Python工程师,20k-40k,3-5年
Python讲师,20k-40k,3-5年
Python开发工程师-自动化网络方向,18k-30k,3-5年
高级Python开发工程师,20k-30k,3-5年
python开发,10k-20k,3-5年
python开发工程师,6k-12k,1-3年
高级python工程师,20k-40k,3-5年
python工程师,15k-25k,3-5年
服务端高级开发工程师Golang/Python,35k-45k,3-5年
python开发工程师,20k-35k,1-3年
高级Python开发,15k-30k,3-5年
高级python开发工程师,15k-20k,3-5年
Python开发工程师,15k-30k,3-5年
高级Python研发工程师,25k-35k,3-5年
高级Python开发工程师,15k-30k,3-5年
python工程师,20K-40K,3-5年
Python讲师,20k-40k,3-5年
Python 开发工程师,15k-17k,3-5年
Python工程师,10k-20k,不限
资深python开发工程师,15k-25k,5-10年
高级python工程师,20k-40k,5-10年
Python中级开发工程师,15k-30k,3-5年
python开发工程师,15k-30k,不限
Python开发工程师,11k-20k,3-5年
python开发工程师,20k-40k,不限
Python,15k-25k,5-10年
Python开发,6k-10k,1-3年
高级Python开发工程师,15k-22k,3-5年
python工程师,8k-15k,3-5年
python开发工程师,15k-25k,1-3年
高级Python开发工程师,30k-45k,3-5年
python技术总监,25k-50k,3-5年
Python开发,9k-16k,1-3年
Python开发工程师-base北京,12k-18k,3-5年
Python开发工程师（网安）-北京,15k-20k,3-5年
python开发工程师,10k-17k,3-5年
Python工程师（智能硬件）,20k-30k,5-10年
高级Python开发工程师,20k-40k,3-5年
高级python开发工程师,15k-25k,3-5年
Python 开发工程师,18k-36k,1-3年
python研发工程师,15k-30k,1年以下
高级Python开发工程师,12k-24k,1-3年
python工程师,20k-40k,5-10年
Python工程师,10k-20k,1-3年
高级/资深 python开发工程师,20k-30k,3-5年
Python工程师,18K-35K,3-5年
Python讲师,20k-40k,3-5年
Python开发工程师,15k-30k,3-5年
高级Python工程师,20k-40k,1-3年
python开发,10k-15k,3-5年
python开发,8k-11k,1-3年
Python工程师,15k-30k,1-3年
高级Python工程师,15k-25k,3-5年
高级Python开发工程师,20k-40k,3-5年
高级python研发工程师,20k-40k,5-10年
Python开发工程师,20k-35k,3-5年
Python开发工程师,15k-30k,5-10年
Python开发实习生-短视频方向,4k-8k,不限
Python开发工程师,15k-25k,3-5年
基础平台开发-python,25k-30k,1-3年
python后台开发工程师,15k-25k,3-5年
python讲师,20k-40k,3-5年
Python工程师,15k-30k,1-3年
python 开发工程师,7k-10k,1-3年
Python讲师,10k-20k,3-5年
PYTHON研发工程师,25k-35k,3-5年
Python开发工程师,15k-30k,1-3年
高级Python开发工程师,20k-40k,3-5年
python开发工程师,20k-40k,3-5年
Python,15k-30k,3-5年
python开发工程师,15k-20k,3-5年
Python开发,8k-15k,3-5年
Python 开发工程师,15k-30k,3-5年
Python,20k-30k,1-3年
Python开发工程师,20k-40k,3-5年
高级Python后端工程师,25k-50k,3-5年
深圳,,
Python爬虫工程师,6k-10k,1-3年
Python爬虫工程师,20k-40k,1-3年
Python爬虫工程师,15k-30k,3-5年
Python爬虫工程师,10k-20k,1-3年
Python爬虫工程师,10k-18k,不限
Python研发工程师（爬虫方向）,9k-15k,1-3年
Python爬虫工程师,10k-15k,1-3年
Python爬虫工程师,20k-30k,3-5年
Python工程师（爬虫）,10k-15k,3-5年
Python爬虫工程师,6k-12k,1-3年
Python爬虫工程师,15k-30k,3-5年
Python爬虫工程师,15k-30k,3-5年
python爬虫工程师,15k-30k,1-3年
Python 爬虫方向,10k-20k,3-5年
python爬虫工程师,10k-16k,1-3年
高级Python爬虫工程师,18k-30k,1-3年
Python爬虫工程师,15k-25k,3-5年
python爬虫工程师,17k-32k,3-5年
Python研发工程师(爬虫方向),16k-22k,3-5年
python爬虫工程师,15k-20k,1-3年
高级爬虫工程师/python开发,10k-15k,3-5年
python爬虫工程师,10k-20k,3-5年
Python爬虫工程师,25k-35k,3-5年
Python 爬虫工程师-Java,8k-11k,3-5年
爬虫-高级工程师(PYTHON),15k-20k,3-5年
Python爬虫工程师,15k-30k,3-5年
爬虫工程师（python）,10k-20k,1-3年
Python爬虫工程师,8k-12k,1-3年
Python爬虫工程师,20K-40K,3-5年
Python爬虫开发工程师,10k-15k,1-3年
Python高级爬虫工程师,17k-32k,3-5年
python爬虫工程师,7k-10k,1-3年
python爬虫工程师,10k-18k,1-3年
Python爬虫工程师,20k-40k,3-5年
Python爬虫工程师,15k-30k,1-3年
Python爬虫工程师,15k-25k,3-5年
高级 Python 爬虫工程师,10k-20k,3-5年
Python工程师(爬虫),10k-15k,1-3年
Python工程师/ 爬虫工程师,15k-25k,3-5年
爬虫工程师python,7K-14K,3-5年
Python爬虫工程师,12k-18k,3-5年
Python爬虫工程师,8k-15k,1-3年
PHP/Python爬虫开发工程师,4k-8k,1-3年
Python爬虫开发工程师,8k-16k,不限
Python爬虫实习生,3k-5k,应届毕业生
Python爬虫工程师,5k-10k,1-3年
python爬虫工程师,10k-15k,1-3年
招一个Python工程师（爬虫方向），来了解一下~,15k-30k,3-5年
python爬虫,11k-15k,1-3年
python爬虫工程师,15k-25k,1-3年
Python爬虫工程师,8k-14k,1-3年
爬虫开发经理（Python）,15k-30k,5-10年
python爬虫,10k-18k,1-3年
Python爬虫工程师,6k-12k,3-5年
Python开发工程师,15k-30k,1-3年
python爬虫开发,20k-35k,不限
爬虫/python工程师,12k-24k,3-5年
Python爬虫研发工程师,9k-15k,1-3年
python爬虫,6K-12K,不限
Python Web 爬虫工程师,6k-11k,1-3年
Python爬虫,10k-13k,1-3年
高级python（爬虫方向）,18k-32k,3-5年
python爬虫工程师,10k-20k,3-5年
python爬虫开发工程师,25k-35k,5-10年
Python爬虫开发工程师,10k-15k,3-5年
Python爬虫工程师,5K-8K,不限
Python开发工程师,15k-30k,1-3年
Python爬虫工程师,10k-15k,3-5年
python爬虫工程师,15k-25k,1-3年
Python 爬虫和数据处理工程师,10k-20k,3-5年
大数据部-Python爬虫工程师,4k-6k,应届毕业生
Python爬虫开发工程师,12k-24k,3-5年
Python爬虫工程师,12k-24k,1-3年
Java／Python高级开发职责描述（爬虫方向）,15k-28k,3-5年
python爬虫工程师,6k-10k,1-3年
python爬虫,10K-20K,3-5年
Python 爬虫,8k-15k,1-3年
python爬虫实习工程师,2k-4k,不限
爬虫实习生（java/Python）,4k-6k,1年以下
python数据爬虫工程师,15k-20k,1-3年
Python开发工程师-爬虫-DNJS0008,12k-24k,3-5年
python爬虫工程师,10k-18k,3-5年
Python开发工程师(爬虫方向),15K-30K,3-5年
python数据爬虫工程师,15k-20k,3-5年
爬虫工程师（python/Java）,8k-14k,1-3年
Python,8k-12k,1-3年
Python Web 爬虫工程师,10k-15k,应届毕业生
python工程师,15k-30k,1-3年
Python开发工程师,20k-40k,1-3年
Python工程师,10k-20k,3-5年
Python爬虫工程师,8k-14k,1-3年
Python应届毕业生,4k-6k,1年以下
爬虫工程师python、java、golang,6k-12k,1-3年
高级 Python 工程师,20k-40k,3-5年
python工程师,12k-24k,3-5年
Python工程师实习生,2k-4k,应届毕业生
Python AI工程师,20k-25k,3-5年
python数据爬虫工程师,8k-12k,3-5年
高级Python开发工程师,16k-22k,3-5年
Python开发工程师,10k-20k,1-3年
Python 开发工程师,20k以上,不限
Python主管,20k-35k,5-10年
系统开发工程师（Python）,20k-30k,5-10年
python开发工程师,20k-40k,1-3年
Python Engineer,16k-28k,3-5年
Python软件开发工程师,6k-9k,1年以下
Python开发工程师,20k-30k,3-5年
python开发工程师,12k-19k,3-5年
Python 开发工程师,15k-25k,1-3年
量化平台研发工程师-python,15k-25k,3-5年
高级Python开发工程师,25k-50k,3-5年
python开发工程师,15k-25k,1-3年
python开发实习生（双休+补贴）,4k-6k,不限
Python高级开发工程师,20k-30k,3-5年
Python开发工程师,12k-20k,3-5年
Python开发工程师,18k-22k,3-5年
Python开发工程师,20k-30k,3-5年
Python 研发工程师,25k-45k,3-5年
Python高级开发工程师,16k-22k,3-5年
Python研发实习生,3k-5k,应届毕业生
Python开发工程师,7k-8k,1年以下
python工程师,8k-14k,1-3年
python工程师助理,4k-6k,不限
Python程序员,8k-15k,3-5年
Python开发工程师,20k-40k,1-3年
资深python开发工程师,25k-35k,3-5年
Python研发工程师,15k-23k,1-3年
Python开发工程师,10k-20k,3-5年
Python开发工程师,8k-11k,1-3年
高级Python开发工程师,25k-45k,3-5年
高级Python开发,15k-25k,1-3年
Python 高级开发工程师,20k-40k,3-5年
Python开发工程师,12k-18k,3-5年
Python高级研发工程师,15k-30k,5-10年
python开发工程师,8k-10k,3-5年
Python开发,12k-17k,3-5年
高级Python开发工程师,20k-30k,3-5年
高级 Python 开发工程师,15k-30k,不限
python开发工程师,6k-12k,1-3年
Python开发工程师,20k-40k,5-10年
Python开发攻城狮,20k-40k,不限
Python开发,4k-8k,不限
Python开发工程师,20k-35k,3-5年
Python 开发工程师,15k-20k,1-3年
Python开发工程师（南京）,10k-18k,1-3年
Python架构师,30k-35k,5-10年
Python开发工程师,10k-20k,1-3年
python 开发工程师,10k-20k,1-3年
高级Python开发工程师,15k-30k,3-5年
PYTHON高级开发工程师,16k-22k,3-5年
Python开发工程师,15k-30k,5-10年
Python开发工程师,10k-18k,3-5年
Python开发工程师,8k-14k,3-5年
Python开发,15k-30k,3-5年
高级Python工程师,25k-35k,3-5年
Python后端,12k-17k,3-5年
python后端,8K-15K,1-3年
Python工程师,15k-25k,1-3年
Python开发工程师,8k-15k,1-3年
高级Python工程师,15K-20K,3-5年
Python高级开发工程师,12k-20k,3-5年
Python开发工程师,8k-16k,1-3年
Python 工程师,15k-30k,1-3年
Python工程师,8k-16k,1-3年
Python工程师,20k-40k,1-3年
python开发,10K-20K,3-5年
资深 Python 研发工程师,20k-30k,3-5年
Python开发工程师,25k-50k,3-5年
python开发工程师,8k-13k,1-3年
Python开发工程师,12k-20k,3-5年
Python开发工程师,10k-20k,3-5年
Python开发工程师,18k-35k,3-5年
103-中级Python开发工程师,15k-25k,3-5年
高级Python开发工程师,16k-32k,3-5年
Python开发工程师,20k-35k,1-3年
Python工程师,10k-20k,1-3年
高级Python开发工程师,25k-50k,3-5年
高级Python开发工程师,25k-50k,3-5年
极光调研 - 高级 Python 工程师,18k-35k,3-5年
python开发工程师,10k-20k,3-5年
Python开发工程师,11k-18k,1-3年
Python开发工程师,8k-15k,1-3年
Python开发工程师601156,20k-30k,3-5年
Python开发工程师,5k-10k,1-3年
Python工程师,6k-12k,应届毕业生
Python开发工程司,15k-25k,5-10年
Python软件开发工程师,10k-15k,1-3年
Python开发,12k-24k,1-3年
Python服务端工程师/Python开发工程师,8k-15k,1年以下
Python开发工程师,11k-22k,3-5年
Python研发工程师,15k-25k,3-5年
Python后端工程师,25k-50k,3-5年
Python开发工程师,25k-30k,3-5年
Python开发工程师,15k-30k,不限
Python开发工程师,20k-30k,3-5年
Python开发工程师,10k-15k,3-5年
Python开发师,15k-30k,3-5年
Python开发工程师（中高级）,12k-20k,3-5年
Python,30k-40k,3-5年
Python高级开发工程师,15k-25k,3-5年
Python后端工程师,15k-25k,3-5年
Python开发工程师,15k-30k,3-5年
python高级后端工程师,25k-50k,5-10年
Python工程师,15k-25k,3-5年
Python,8k-15k,3-5年
python开发工程师,20k-40k,不限
Python研发工程师,25k-35k,3-5年
Python开发工程师（Web方向）,15k-20k,1-3年
Python开发工程师,15k-30k,3-5年
python开发工程师,15k-20k,3-5年
python开发,5k-10k,1-3年
高级Python研发工程师,15k-30k,3-5年
python研发工程师,15k-30k,1年以下
Python开发实习生 - 短视频方向,4k-8k,应届毕业生
Python开发工程师(MJ000810),15k-30k,1-3年
Python开发工程师,15k-25k,3-5年
Python开发工程师,8k-15k,1-3年
Python工程师,10k-20k,3-5年
高级Java/Python开发工程师,30k-40k,5-10年
资深Python开发工程师,15k-30k,3-5年
Python开发,15k-30k,3-5年
Python开发工程师-pass平台方向,25k-50k,5-10年
Python开发岗,10k-20k,1-3年
python工程师,15k-25k,1-3年
中级python研发工程师,8k-15k,3-5年
python工程师 (MJ000272),20k-40k,3-5年
python软件开发工程师,6k-12k,不限
Python工程师,13k-25k,3-5年
Python,15K-30K,3-5年
Python讲师,20k-40k,3-5年
32-高级Python开发工程师,17k-30k,3-5年
Python开发工程师,8k-12k,1-3年
Python开发,9k-18k,3-5年
Python 开发工程师,18k-36k,1-3年
python工程师,15k-30k,3-5年
Python开发工程师,10k-20k,3-5年
python后端开发,15k-20k,3-5年
Python,13k-26k,3-5年
Python开发工程师,15k-25k,3-5年
Python后端开发工程师,25k-40k,3-5年
Python讲师,15k-30k,3-5年
Python开发／后端软件工程师.,20k-30k,3-5年
python高级工程师,25k-35k,5-10年
Python工程师,15k-30k,3-5年
Python工程师,20k-30k,1-3年
Python开发工程师,15k-20k,3-5年
python开发工程师,12k-20k,3-5年
Python开发实习(天津岗）,2k-3k,不限
Python,6k-12k,1-3年
Python工程师,10k-20k,3-5年
Python工程师,15k-30k,1-3年
Python,10k-15k,1-3年
python研发工程师,30k-40k,5-10年
Python开发,14k-25k,1年以下
python web开发工程师,10k-20k,3-5年
Linux C++/Python开发工程师,15k-25k,3-5年
python,20k-40k,3-5年
Python开发工程师,15k-30k,1-3年
Python研发工程师,25k-50k,5-10年
Python开发工程师-运维平台方向,20k-30k,3-5年
Python开发工程师,15k-25k,1-3年
Python,15k-30k,1-3年
Python工程师,15k-30k,3-5年
Python开发工程师,10k-15k,1-3年
Python讲师,20k-30k,3-5年
Python开发工程师,15k-30k,3-5年
Python开发工程师,18K-30K,3-5年
Python开发工程师,10k-15k,1-3年
Python工程师,15k-30k,1-3年
高级Python工程师,20k-40k,3-5年
Python讲师,20k-40k,3-5年
Python开发工程师-自动化网络方向,18k-30k,3-5年
高级Python开发工程师,20k-30k,3-5年
python开发,10k-20k,3-5年
python开发工程师,6k-12k,1-3年
高级python工程师,20k-40k,3-5年
python工程师,15k-25k,3-5年
服务端高级开发工程师Golang/Python,35k-45k,3-5年
python开发工程师,20k-35k,1-3年
高级Python开发,15k-30k,3-5年
高级python开发工程师,15k-20k,3-5年
Python开发工程师,15k-30k,3-5年
高级Python研发工程师,25k-35k,3-5年
高级Python开发工程师,15k-30k,3-5年
python工程师,20K-40K,3-5年
Python讲师,20k-40k,3-5年
Python 开发工程师,15k-17k,3-5年
Python工程师,10k-20k,不限
资深python开发工程师,15k-25k,5-10年
高级python工程师,20k-40k,5-10年
Python中级开发工程师,15k-30k,3-5年
python开发工程师,15k-30k,不限
Python开发工程师,11k-20k,3-5年
python开发工程师,20k-40k,不限
Python,15k-25k,5-10年
Python开发,6k-10k,1-3年
高级Python开发工程师,15k-22k,3-5年
python工程师,8k-15k,3-5年
python开发工程师,15k-25k,1-3年
高级Python开发工程师,30k-45k,3-5年
python开发,10k-18k,1-3年
python技术总监,25k-50k,3-5年
Python开发,9k-16k,1-3年
Python开发工程师-base北京,12k-18k,3-5年
Python开发工程师（网安）-北京,15k-20k,3-5年
Python工程师（智能硬件）,20k-30k,5-10年
高级Python开发工程师,20k-40k,3-5年
高级python开发工程师,15k-25k,3-5年
Python 开发工程师,18k-36k,1-3年
python研发工程师,15k-30k,1年以下
高级Python开发工程师,12k-24k,1-3年
python工程师,20k-40k,5-10年
Python工程师,10k-20k,1-3年
高级/资深 python开发工程师,20k-30k,3-5年
Python工程师,18K-35K,3-5年
广州,,
Python爬虫工程师,6k-10k,1-3年
Python爬虫工程师,20k-40k,1-3年
Python爬虫工程师,15k-30k,3-5年
Python爬虫工程师,10k-20k,1-3年
Python爬虫工程师,10k-18k,不限
Python研发工程师（爬虫方向）,9k-15k,1-3年
Python爬虫工程师,10k-15k,1-3年
Python爬虫工程师,20k-30k,3-5年
Python工程师（爬虫）,10k-15k,3-5年
Python爬虫工程师,6k-12k,1-3年
Python爬虫工程师,15k-30k,3-5年
Python爬虫工程师,15k-30k,3-5年
Python 爬虫方向,10k-20k,3-5年
python爬虫工程师,15k-30k,1-3年
python爬虫工程师,10k-16k,1-3年
高级Python爬虫工程师,18k-30k,1-3年
Python爬虫工程师,15k-25k,3-5年
python爬虫工程师,17k-32k,3-5年
Python研发工程师(爬虫方向),16k-22k,3-5年
python爬虫工程师,15k-20k,1-3年
高级爬虫工程师/python开发,10k-15k,3-5年
python爬虫工程师,10k-20k,3-5年
Python爬虫工程师,25k-35k,3-5年
Python 爬虫工程师-Java,8k-11k,3-5年
爬虫-高级工程师(PYTHON),15k-20k,3-5年
Python爬虫工程师,15k-30k,3-5年
爬虫工程师（python）,10k-20k,1-3年
Python爬虫工程师,8k-12k,1-3年
Python爬虫工程师,20K-40K,3-5年
Python爬虫开发工程师,10k-15k,1-3年
Python高级爬虫工程师,17k-32k,3-5年
python爬虫工程师,7k-10k,1-3年
python爬虫工程师,10k-18k,1-3年
Python爬虫工程师,20k-40k,3-5年
Python爬虫工程师,15k-30k,1-3年
Python爬虫工程师,15k-25k,3-5年
高级 Python 爬虫工程师,10k-20k,3-5年
Python工程师(爬虫),10k-15k,1-3年
Python工程师/ 爬虫工程师,15k-25k,3-5年
爬虫工程师python,7K-14K,3-5年
Python爬虫工程师,12k-18k,3-5年
Python爬虫工程师,8k-15k,1-3年
PHP/Python爬虫开发工程师,4k-8k,1-3年
Python爬虫开发工程师,8k-16k,不限
Python爬虫实习生,3k-5k,应届毕业生
Python爬虫工程师,5k-10k,1-3年
python爬虫工程师,10k-15k,1-3年
招一个Python工程师（爬虫方向），来了解一下~,15k-30k,3-5年
python爬虫,11k-15k,1-3年
python爬虫工程师,15k-25k,1-3年
Python爬虫工程师,8k-14k,1-3年
爬虫开发经理（Python）,15k-30k,5-10年
python爬虫,10k-18k,1-3年
Python爬虫工程师,6k-12k,3-5年
Python开发工程师,15k-30k,1-3年
python爬虫开发,20k-35k,不限
爬虫/python工程师,12k-24k,3-5年
Python爬虫研发工程师,9k-15k,1-3年
python爬虫,6K-12K,不限
Python Web 爬虫工程师,6k-11k,1-3年
Python爬虫,10k-13k,1-3年
高级python（爬虫方向）,18k-32k,3-5年
python爬虫工程师,10k-20k,3-5年
python爬虫开发工程师,25k-35k,5-10年
Python爬虫开发工程师,10k-15k,3-5年
Python爬虫工程师,5K-8K,不限
Python开发工程师,15k-30k,1-3年
Python爬虫工程师,10k-15k,3-5年
python爬虫工程师,15k-25k,1-3年
Python 爬虫和数据处理工程师,10k-20k,3-5年
大数据部-Python爬虫工程师,4k-6k,应届毕业生
Python爬虫开发工程师,12k-24k,3-5年
Python爬虫工程师,12k-24k,1-3年
Java／Python高级开发职责描述（爬虫方向）,15k-28k,3-5年
python爬虫工程师,6k-10k,1-3年
python爬虫,10K-20K,3-5年
Python 爬虫,8k-15k,1-3年
python爬虫实习工程师,2k-4k,不限
爬虫实习生（java/Python）,4k-6k,1年以下
python数据爬虫工程师,15k-20k,1-3年
Python开发工程师-爬虫-DNJS0008,12k-24k,3-5年
python爬虫工程师,10k-18k,3-5年
Python开发工程师(爬虫方向),15K-30K,3-5年
python数据爬虫工程师,15k-20k,3-5年
爬虫工程师（python/Java）,8k-14k,1-3年
Python,8k-12k,1-3年
Python Web 爬虫工程师,10k-15k,应届毕业生
python工程师,15k-30k,1-3年
Python开发工程师,20k-40k,1-3年
Python工程师,10k-20k,3-5年
Python爬虫工程师,8k-14k,1-3年
Python应届毕业生,4k-6k,1年以下
爬虫工程师python、java、golang,6k-12k,1-3年
高级 Python 工程师,20k-40k,3-5年
python工程师,12k-24k,3-5年
Python工程师实习生,2k-4k,应届毕业生
Python AI工程师,20k-25k,3-5年
python数据爬虫工程师,8k-12k,3-5年
高级Python开发工程师,16k-22k,3-5年
Python开发工程师,10k-20k,1-3年
Python 开发工程师,20k以上,不限
Python主管,20k-35k,5-10年
系统开发工程师（Python）,20k-30k,5-10年
python开发工程师,20k-40k,1-3年
Python Engineer,16k-28k,3-5年
Python软件开发工程师,6k-9k,1年以下
Python开发工程师,20k-30k,3-5年
python开发工程师,12k-19k,3-5年
Python 开发工程师,15k-25k,1-3年
量化平台研发工程师-python,15k-25k,3-5年
高级Python开发工程师,25k-50k,3-5年
python开发工程师,15k-25k,1-3年
python开发实习生（双休+补贴）,4k-6k,不限
Python高级开发工程师,20k-30k,3-5年
Python开发工程师,12k-20k,3-5年
Python开发工程师,18k-22k,3-5年
Python开发工程师,20k-30k,3-5年
Python 研发工程师,25k-45k,3-5年
Python高级开发工程师,16k-22k,3-5年
Python研发实习生,3k-5k,应届毕业生
Python开发工程师,7k-8k,1年以下
python工程师,8k-14k,1-3年
python工程师助理,4k-6k,不限
Python程序员,8k-15k,3-5年
Python开发工程师,20k-40k,1-3年
资深python开发工程师,25k-35k,3-5年
Python研发工程师,15k-23k,1-3年
Python开发工程师,10k-20k,3-5年
Python开发工程师,8k-11k,1-3年
高级Python开发工程师,25k-45k,3-5年
高级Python开发,15k-25k,1-3年
Python 高级开发工程师,20k-40k,3-5年
Python开发工程师,12k-18k,3-5年
Python高级研发工程师,15k-30k,5-10年
python开发工程师,8k-10k,3-5年
杭州,,
Python爬虫工程师,6k-10k,1-3年
Python爬虫工程师,20k-40k,1-3年
Python爬虫工程师,15k-30k,3-5年
Python爬虫工程师,10k-20k,1-3年
Python爬虫工程师,10k-18k,不限
Python研发工程师（爬虫方向）,9k-15k,1-3年
Python爬虫工程师,10k-15k,1-3年
Python爬虫工程师,20k-30k,3-5年
Python工程师（爬虫）,10k-15k,3-5年
Python爬虫工程师,6k-12k,1-3年
Python爬虫工程师,15k-30k,3-5年
Python爬虫工程师,15k-30k,3-5年
Python 爬虫方向,10k-20k,3-5年
python爬虫工程师,15k-30k,1-3年
python爬虫工程师,10k-16k,1-3年
高级Python爬虫工程师,18k-30k,1-3年
Python爬虫工程师,15k-25k,3-5年
python爬虫工程师,17k-32k,3-5年
Python研发工程师(爬虫方向),16k-22k,3-5年
python爬虫工程师,15k-20k,1-3年
高级爬虫工程师/python开发,10k-15k,3-5年
python爬虫工程师,10k-20k,3-5年
Python爬虫工程师,25k-35k,3-5年
Python 爬虫工程师-Java,8k-11k,3-5年
爬虫-高级工程师(PYTHON),15k-20k,3-5年
Python爬虫工程师,15k-30k,3-5年
爬虫工程师（python）,10k-20k,1-3年
Python爬虫工程师,8k-12k,1-3年
Python爬虫工程师,20K-40K,3-5年
Python爬虫开发工程师,10k-15k,1-3年
Python高级爬虫工程师,17k-32k,3-5年
python爬虫工程师,7k-10k,1-3年
python爬虫工程师,10k-18k,1-3年
Python爬虫工程师,20k-40k,3-5年
Python爬虫工程师,15k-30k,1-3年
Python爬虫工程师,15k-25k,3-5年
高级 Python 爬虫工程师,10k-20k,3-5年
Python工程师(爬虫),10k-15k,1-3年
Python工程师/ 爬虫工程师,15k-25k,3-5年
爬虫工程师python,7K-14K,3-5年
Python爬虫工程师,12k-18k,3-5年
Python爬虫工程师,8k-15k,1-3年
PHP/Python爬虫开发工程师,4k-8k,1-3年
Python爬虫开发工程师,8k-16k,不限
Python爬虫实习生,3k-5k,应届毕业生
Python爬虫工程师,5k-10k,1-3年
python爬虫工程师,10k-15k,1-3年
招一个Python工程师（爬虫方向），来了解一下~,15k-30k,3-5年
python爬虫,11k-15k,1-3年
python爬虫工程师,15k-25k,1-3年
Python爬虫工程师,8k-14k,1-3年
爬虫开发经理（Python）,15k-30k,5-10年
python爬虫,10k-18k,1-3年
Python爬虫工程师,6k-12k,3-5年
Python开发工程师,15k-30k,1-3年
python爬虫开发,20k-35k,不限
爬虫/python工程师,12k-24k,3-5年
Python爬虫研发工程师,9k-15k,1-3年
python爬虫,6K-12K,不限
Python Web 爬虫工程师,6k-11k,1-3年
Python爬虫,10k-13k,1-3年
高级python（爬虫方向）,18k-32k,3-5年
python爬虫工程师,10k-20k,3-5年
python爬虫开发工程师,25k-35k,5-10年
Python爬虫开发工程师,10k-15k,3-5年
Python爬虫工程师,5K-8K,不限
Python开发工程师,15k-30k,1-3年
Python爬虫工程师,10k-15k,3-5年
python爬虫工程师,15k-25k,1-3年
Python 爬虫和数据处理工程师,10k-20k,3-5年
大数据部-Python爬虫工程师,4k-6k,应届毕业生
Python爬虫开发工程师,12k-24k,3-5年
Python爬虫工程师,12k-24k,1-3年
Java／Python高级开发职责描述（爬虫方向）,15k-28k,3-5年
python爬虫工程师,6k-10k,1-3年
python爬虫,10K-20K,3-5年
Python 爬虫,8k-15k,1-3年
python爬虫实习工程师,2k-4k,不限
爬虫实习生（java/Python）,4k-6k,1年以下
python数据爬虫工程师,15k-20k,1-3年
Python开发工程师-爬虫-DNJS0008,12k-24k,3-5年
python爬虫工程师,10k-18k,3-5年
Python开发工程师(爬虫方向),15K-30K,3-5年
python数据爬虫工程师,15k-20k,3-5年
爬虫工程师（python/Java）,8k-14k,1-3年
Python,8k-12k,1-3年
Python Web 爬虫工程师,10k-15k,应届毕业生
python工程师,15k-30k,1-3年
Python开发工程师,20k-40k,1-3年
Python工程师,10k-20k,3-5年
Python爬虫工程师,8k-14k,1-3年
Python应届毕业生,4k-6k,1年以下
爬虫工程师python、java、golang,6k-12k,1-3年
高级 Python 工程师,20k-40k,3-5年
python工程师,12k-24k,3-5年
Python工程师实习生,2k-4k,应届毕业生
Python AI工程师,20k-25k,3-5年
python数据爬虫工程师,8k-12k,3-5年
高级Python开发工程师,16k-22k,3-5年
Python开发工程师,10k-20k,1-3年
Python 开发工程师,20k以上,不限
Python主管,20k-35k,5-10年
系统开发工程师（Python）,20k-30k,5-10年
python开发工程师,20k-40k,1-3年
Python Engineer,16k-28k,3-5年
Python软件开发工程师,6k-9k,1年以下
Python开发工程师,20k-30k,3-5年
python开发工程师,12k-19k,3-5年
Python 开发工程师,15k-25k,1-3年
量化平台研发工程师-python,15k-25k,3-5年
高级Python开发工程师,25k-50k,3-5年
python开发工程师,15k-25k,1-3年
python开发实习生（双休+补贴）,4k-6k,不限
Python高级开发工程师,20k-30k,3-5年
Python开发工程师,12k-20k,3-5年
Python开发工程师,18k-22k,3-5年
Python开发工程师,20k-30k,3-5年
Python 研发工程师,25k-45k,3-5年
Python高级开发工程师,16k-22k,3-5年
Python研发实习生,3k-5k,应届毕业生
Python开发工程师,7k-8k,1年以下
python工程师,8k-14k,1-3年
python工程师助理,4k-6k,不限
Python程序员,8k-15k,3-5年
Python开发工程师,20k-40k,1-3年
资深python开发工程师,25k-35k,3-5年
Python研发工程师,15k-23k,1-3年
Python开发工程师,10k-20k,3-5年
Python开发工程师,8k-11k,1-3年
高级Python开发工程师,25k-45k,3-5年
高级Python开发,15k-25k,1-3年
Python 高级开发工程师,20k-40k,3-5年
Python开发工程师,12k-18k,3-5年
Python高级研发工程师,15k-30k,5-10年
python开发工程师,8k-10k,3-5年
Python开发,12k-17k,3-5年
高级Python开发工程师,20k-30k,3-5年
高级 Python 开发工程师,15k-30k,不限
python开发工程师,6k-12k,1-3年
Python开发工程师,20k-40k,5-10年
Python开发攻城狮,20k-40k,不限
Python开发,4k-8k,不限
Python开发工程师,20k-35k,3-5年
Python 开发工程师,15k-20k,1-3年
Python开发工程师（南京）,10k-18k,1-3年
Python架构师,30k-35k,5-10年
Python开发工程师,10k-20k,1-3年
python 开发工程师,10k-20k,1-3年
高级Python开发工程师,15k-30k,3-5年
PYTHON高级开发工程师,16k-22k,3-5年
成都,,
Python爬虫工程师,6k-10k,1-3年
Python爬虫工程师,20k-40k,1-3年
Python爬虫工程师,15k-30k,3-5年
Python爬虫工程师,10k-20k,1-3年
Python爬虫工程师,10k-18k,不限
Python研发工程师（爬虫方向）,9k-15k,1-3年
Python爬虫工程师,10k-15k,1-3年
Python爬虫工程师,20k-30k,3-5年
Python工程师（爬虫）,10k-15k,3-5年
Python爬虫工程师,6k-12k,1-3年
Python爬虫工程师,15k-30k,3-5年
Python爬虫工程师,15k-30k,3-5年
Python 爬虫方向,10k-20k,3-5年
python爬虫工程师,15k-30k,1-3年
python爬虫工程师,10k-16k,1-3年
高级Python爬虫工程师,18k-30k,1-3年
Python爬虫工程师,15k-25k,3-5年
python爬虫工程师,17k-32k,3-5年
Python研发工程师(爬虫方向),16k-22k,3-5年
python爬虫工程师,15k-20k,1-3年
高级爬虫工程师/python开发,10k-15k,3-5年
python爬虫工程师,10k-20k,3-5年
Python爬虫工程师,25k-35k,3-5年
Python 爬虫工程师-Java,8k-11k,3-5年
爬虫-高级工程师(PYTHON),15k-20k,3-5年
Python爬虫工程师,15k-30k,3-5年
爬虫工程师（python）,10k-20k,1-3年
Python爬虫工程师,8k-12k,1-3年
Python爬虫工程师,20K-40K,3-5年
Python爬虫开发工程师,10k-15k,1-3年
Python高级爬虫工程师,17k-32k,3-5年
python爬虫工程师,7k-10k,1-3年
python爬虫工程师,10k-18k,1-3年
Python爬虫工程师,20k-40k,3-5年
Python爬虫工程师,15k-30k,1-3年
Python爬虫工程师,15k-25k,3-5年
高级 Python 爬虫工程师,10k-20k,3-5年
Python工程师(爬虫),10k-15k,1-3年
Python工程师/ 爬虫工程师,15k-25k,3-5年
爬虫工程师python,7K-14K,3-5年
Python爬虫工程师,12k-18k,3-5年
Python爬虫工程师,8k-15k,1-3年
PHP/Python爬虫开发工程师,4k-8k,1-3年
Python爬虫开发工程师,8k-16k,不限
Python爬虫实习生,3k-5k,应届毕业生
Python爬虫工程师,5k-10k,1-3年
python爬虫工程师,10k-15k,1-3年
招一个Python工程师（爬虫方向），来了解一下~,15k-30k,3-5年
python爬虫,11k-15k,1-3年
python爬虫工程师,15k-25k,1-3年
Python爬虫工程师,8k-14k,1-3年
爬虫开发经理（Python）,15k-30k,5-10年
python爬虫,10k-18k,1-3年
Python爬虫工程师,6k-12k,3-5年
Python开发工程师,15k-30k,1-3年
python爬虫开发,20k-35k,不限
爬虫/python工程师,12k-24k,3-5年
Python爬虫研发工程师,9k-15k,1-3年
python爬虫,6K-12K,不限
Python Web 爬虫工程师,6k-11k,1-3年
Python爬虫,10k-13k,1-3年
高级python（爬虫方向）,18k-32k,3-5年
python爬虫工程师,10k-20k,3-5年
python爬虫开发工程师,25k-35k,5-10年
Python爬虫开发工程师,10k-15k,3-5年
Python爬虫工程师,5K-8K,不限
Python开发工程师,15k-30k,1-3年
Python爬虫工程师,10k-15k,3-5年
python爬虫工程师,15k-25k,1-3年
Python 爬虫和数据处理工程师,10k-20k,3-5年
大数据部-Python爬虫工程师,4k-6k,应届毕业生
Python爬虫开发工程师,12k-24k,3-5年
Python爬虫工程师,12k-24k,1-3年
Java／Python高级开发职责描述（爬虫方向）,15k-28k,3-5年
python爬虫工程师,6k-10k,1-3年
python爬虫,10K-20K,3-5年
Python 爬虫,8k-15k,1-3年
python爬虫实习工程师,2k-4k,不限
爬虫实习生（java/Python）,4k-6k,1年以下
python数据爬虫工程师,15k-20k,1-3年
Python开发工程师-爬虫-DNJS0008,12k-24k,3-5年
python爬虫工程师,10k-18k,3-5年
Python开发工程师(爬虫方向),15K-30K,3-5年
python数据爬虫工程师,15k-20k,3-5年
爬虫工程师（python/Java）,8k-14k,1-3年
Python,8k-12k,1-3年
Python Web 爬虫工程师,10k-15k,应届毕业生
python工程师,15k-30k,1-3年
Python开发工程师,20k-40k,1-3年
Python工程师,10k-20k,3-5年
Python爬虫工程师,8k-14k,1-3年
Python应届毕业生,4k-6k,1年以下
爬虫工程师python、java、golang,6k-12k,1-3年
高级 Python 工程师,20k-40k,3-5年
python工程师,12k-24k,3-5年
Python工程师实习生,2k-4k,应届毕业生
Python AI工程师,20k-25k,3-5年
python数据爬虫工程师,8k-12k,3-5年
高级Python开发工程师,16k-22k,3-5年
Python开发工程师,10k-20k,1-3年
Python 开发工程师,20k以上,不限
Python主管,20k-35k,5-10年
系统开发工程师（Python）,20k-30k,5-10年
python开发工程师,20k-40k,1-3年
Python Engineer,16k-28k,3-5年
南京,,
Python爬虫工程师,6k-10k,1-3年
Python爬虫工程师,20k-40k,1-3年
Python爬虫工程师,15k-30k,3-5年
Python爬虫工程师,10k-20k,1-3年
Python爬虫工程师,10k-18k,不限
Python研发工程师（爬虫方向）,9k-15k,1-3年
Python爬虫工程师,10k-15k,1-3年
Python爬虫工程师,20k-30k,3-5年
Python工程师（爬虫）,10k-15k,3-5年
Python爬虫工程师,6k-12k,1-3年
Python爬虫工程师,15k-30k,3-5年
Python爬虫工程师,15k-30k,3-5年
Python 爬虫方向,10k-20k,3-5年
python爬虫工程师,15k-30k,1-3年
python爬虫工程师,10k-16k,1-3年
高级Python爬虫工程师,18k-30k,1-3年
Python爬虫工程师,15k-25k,3-5年
python爬虫工程师,17k-32k,3-5年
Python研发工程师(爬虫方向),16k-22k,3-5年
python爬虫工程师,15k-20k,1-3年
高级爬虫工程师/python开发,10k-15k,3-5年
python爬虫工程师,10k-20k,3-5年
Python爬虫工程师,25k-35k,3-5年
Python 爬虫工程师-Java,8k-11k,3-5年
爬虫-高级工程师(PYTHON),15k-20k,3-5年
Python爬虫工程师,15k-30k,3-5年
爬虫工程师（python）,10k-20k,1-3年
Python爬虫工程师,8k-12k,1-3年
Python爬虫工程师,20K-40K,3-5年
Python爬虫开发工程师,10k-15k,1-3年
Python高级爬虫工程师,17k-32k,3-5年
python爬虫工程师,7k-10k,1-3年
python爬虫工程师,10k-18k,1-3年
Python爬虫工程师,20k-40k,3-5年
Python爬虫工程师,15k-30k,1-3年
Python爬虫工程师,15k-25k,3-5年
高级 Python 爬虫工程师,10k-20k,3-5年
Python工程师(爬虫),10k-15k,1-3年
Python工程师/ 爬虫工程师,15k-25k,3-5年
爬虫工程师python,7K-14K,3-5年
Python爬虫工程师,12k-18k,3-5年
Python爬虫工程师,8k-15k,1-3年
PHP/Python爬虫开发工程师,4k-8k,1-3年
Python爬虫开发工程师,8k-16k,不限
Python爬虫实习生,3k-5k,应届毕业生
武汉,,
Python爬虫工程师,6k-10k,1-3年
Python爬虫工程师,20k-40k,1-3年
Python爬虫工程师,15k-30k,3-5年
Python爬虫工程师,10k-20k,1-3年
Python爬虫工程师,10k-18k,不限
Python研发工程师（爬虫方向）,9k-15k,1-3年
Python爬虫工程师,10k-15k,1-3年
Python爬虫工程师,20k-30k,3-5年
Python工程师（爬虫）,10k-15k,3-5年
Python爬虫工程师,6k-12k,1-3年
Python爬虫工程师,15k-30k,3-5年
Python爬虫工程师,15k-30k,3-5年
Python 爬虫方向,10k-20k,3-5年
python爬虫工程师,15k-30k,1-3年
python爬虫工程师,10k-16k,1-3年
高级Python爬虫工程师,18k-30k,1-3年
Python爬虫工程师,15k-25k,3-5年
python爬虫工程师,17k-32k,3-5年
Python研发工程师(爬虫方向),16k-22k,3-5年
python爬虫工程师,15k-20k,1-3年
高级爬虫工程师/python开发,10k-15k,3-5年
python爬虫工程师,10k-20k,3-5年
Python爬虫工程师,25k-35k,3-5年
Python 爬虫工程师-Java,8k-11k,3-5年
爬虫-高级工程师(PYTHON),15k-20k,3-5年
Python爬虫工程师,15k-30k,3-5年
爬虫工程师（python）,10k-20k,1-3年
Python爬虫工程师,8k-12k,1-3年
Python爬虫工程师,20K-40K,3-5年
Python爬虫开发工程师,10k-15k,1-3年
Python高级爬虫工程师,17k-32k,3-5年
python爬虫工程师,7k-10k,1-3年
python爬虫工程师,10k-18k,1-3年
Python爬虫工程师,20k-40k,3-5年
Python爬虫工程师,15k-30k,1-3年
Python爬虫工程师,15k-25k,3-5年
高级 Python 爬虫工程师,10k-20k,3-5年
Python工程师(爬虫),10k-15k,1-3年
Python工程师/ 爬虫工程师,15k-25k,3-5年
爬虫工程师python,7K-14K,3-5年
Python爬虫工程师,12k-18k,3-5年
Python爬虫工程师,8k-15k,1-3年
PHP/Python爬虫开发工程师,4k-8k,1-3年
Python爬虫开发工程师,8k-16k,不限
Python爬虫实习生,3k-5k,应届毕业生
Python爬虫工程师,5k-10k,1-3年
python爬虫工程师,10k-15k,1-3年
招一个Python工程师（爬虫方向），来了解一下~,15k-30k,3-5年
python爬虫,11k-15k,1-3年
python爬虫工程师,15k-25k,1-3年
Python爬虫工程师,8k-14k,1-3年
爬虫开发经理（Python）,15k-30k,5-10年
python爬虫,10k-18k,1-3年
Python爬虫工程师,6k-12k,3-5年
Python开发工程师,15k-30k,1-3年
python爬虫开发,20k-35k,不限
爬虫/python工程师,12k-24k,3-5年
Python爬虫研发工程师,9k-15k,1-3年
python爬虫,6K-12K,不限
Python Web 爬虫工程师,6k-11k,1-3年
Python爬虫,10k-13k,1-3年
高级python（爬虫方向）,18k-32k,3-5年
python爬虫工程师,10k-20k,3-5年
python爬虫开发工程师,25k-35k,5-10年
Python爬虫开发工程师,10k-15k,3-5年
Python爬虫工程师,5K-8K,不限
Python开发工程师,15k-30k,1-3年
Python爬虫工程师,10k-15k,3-5年
python爬虫工程师,15k-25k,1-3年
Python 爬虫和数据处理工程师,10k-20k,3-5年
大数据部-Python爬虫工程师,4k-6k,应届毕业生
Python爬虫开发工程师,12k-24k,3-5年
Python爬虫工程师,12k-24k,1-3年
Java／Python高级开发职责描述（爬虫方向）,15k-28k,3-5年
python爬虫工程师,6k-10k,1-3年
西安,,
Python爬虫工程师,6k-10k,1-3年
Python爬虫工程师,20k-40k,1-3年
Python爬虫工程师,15k-30k,3-5年
Python爬虫工程师,10k-20k,1-3年
Python爬虫工程师,10k-18k,不限
Python研发工程师（爬虫方向）,9k-15k,1-3年
Python爬虫工程师,10k-15k,1-3年
Python爬虫工程师,20k-30k,3-5年
Python工程师（爬虫）,10k-15k,3-5年
Python爬虫工程师,6k-12k,1-3年
Python爬虫工程师,15k-30k,3-5年
Python爬虫工程师,15k-30k,3-5年
Python 爬虫方向,10k-20k,3-5年
python爬虫工程师,15k-30k,1-3年
python爬虫工程师,10k-16k,1-3年
高级Python爬虫工程师,18k-30k,1-3年
Python爬虫工程师,15k-25k,3-5年
python爬虫工程师,17k-32k,3-5年
Python研发工程师(爬虫方向),16k-22k,3-5年
python爬虫工程师,15k-20k,1-3年
高级爬虫工程师/python开发,10k-15k,3-5年
python爬虫工程师,10k-20k,3-5年
Python爬虫工程师,25k-35k,3-5年
Python 爬虫工程师-Java,8k-11k,3-5年
爬虫-高级工程师(PYTHON),15k-20k,3-5年
Python爬虫工程师,15k-30k,3-5年
爬虫工程师（python）,10k-20k,1-3年
Python爬虫工程师,8k-12k,1-3年
Python爬虫工程师,20K-40K,3-5年
Python爬虫开发工程师,10k-15k,1-3年
Python高级爬虫工程师,17k-32k,3-5年
python爬虫工程师,7k-10k,1-3年
python爬虫工程师,10k-18k,1-3年
Python爬虫工程师,20k-40k,3-5年
Python爬虫工程师,15k-30k,1-3年
Python爬虫工程师,15k-25k,3-5年
高级 Python 爬虫工程师,10k-20k,3-5年
Python工程师(爬虫),10k-15k,1-3年
Python工程师/ 爬虫工程师,15k-25k,3-5年
爬虫工程师python,7K-14K,3-5年
Python爬虫工程师,12k-18k,3-5年
Python爬虫工程师,8k-15k,1-3年
PHP/Python爬虫开发工程师,4k-8k,1-3年
Python爬虫开发工程师,8k-16k,不限
Python爬虫实习生,3k-5k,应届毕业生
厦门,,
Python爬虫工程师,6k-10k,1-3年
Python爬虫工程师,20k-40k,1-3年
Python爬虫工程师,15k-30k,3-5年
Python爬虫工程师,10k-20k,1-3年
Python爬虫工程师,10k-18k,不限
Python研发工程师（爬虫方向）,9k-15k,1-3年
Python爬虫工程师,10k-15k,1-3年
Python爬虫工程师,20k-30k,3-5年
Python工程师（爬虫）,10k-15k,3-5年
Python爬虫工程师,6k-12k,1-3年
Python爬虫工程师,15k-30k,3-5年
Python爬虫工程师,15k-30k,3-5年
Python 爬虫方向,10k-20k,3-5年
python爬虫工程师,15k-30k,1-3年
python爬虫工程师,10k-16k,1-3年
高级Python爬虫工程师,18k-30k,1-3年
Python爬虫工程师,15k-25k,3-5年
python爬虫工程师,17k-32k,3-5年
Python研发工程师(爬虫方向),16k-22k,3-5年
python爬虫工程师,15k-20k,1-3年
高级爬虫工程师/python开发,10k-15k,3-5年
python爬虫工程师,10k-20k,3-5年
Python爬虫工程师,25k-35k,3-5年
Python 爬虫工程师-Java,8k-11k,3-5年
爬虫-高级工程师(PYTHON),15k-20k,3-5年
Python爬虫工程师,15k-30k,3-5年
爬虫工程师（python）,10k-20k,1-3年
Python爬虫工程师,8k-12k,1-3年
Python爬虫工程师,20K-40K,3-5年
Python爬虫开发工程师,10k-15k,1-3年
长沙,,
Python爬虫工程师,6k-10k,1-3年
Python爬虫工程师,20k-40k,1-3年
Python爬虫工程师,15k-30k,3-5年
Python爬虫工程师,10k-20k,1-3年
Python爬虫工程师,10k-18k,不限
Python研发工程师（爬虫方向）,9k-15k,1-3年
Python爬虫工程师,10k-15k,1-3年
Python爬虫工程师,20k-30k,3-5年
Python工程师（爬虫）,10k-15k,3-5年
Python爬虫工程师,6k-12k,1-3年
Python爬虫工程师,15k-30k,3-5年
Python爬虫工程师,15k-30k,3-5年
Python 爬虫方向,10k-20k,3-5年
python爬虫工程师,15k-30k,1-3年
python爬虫工程师,10k-16k,1-3年
高级Python爬虫工程师,18k-30k,1-3年
Python爬虫工程师,15k-25k,3-5年
python爬虫工程师,17k-32k,3-5年
Python研发工程师(爬虫方向),16k-22k,3-5年
python爬虫工程师,15k-20k,1-3年
高级爬虫工程师/python开发,10k-15k,3-5年
python爬虫工程师,10k-20k,3-5年
Python爬虫工程师,25k-35k,3-5年
Python 爬虫工程师-Java,8k-11k,3-5年
爬虫-高级工程师(PYTHON),15k-20k,3-5年
Python爬虫工程师,15k-30k,3-5年
爬虫工程师（python）,10k-20k,1-3年
Python爬虫工程师,8k-12k,1-3年
Python爬虫工程师,20K-40K,3-5年
Python爬虫开发工程师,10k-15k,1-3年
苏州,,
Python爬虫工程师,6k-10k,1-3年
Python爬虫工程师,20k-40k,1-3年
Python爬虫工程师,15k-30k,3-5年
Python爬虫工程师,10k-20k,1-3年
Python爬虫工程师,10k-18k,不限
Python研发工程师（爬虫方向）,9k-15k,1-3年
Python爬虫工程师,10k-15k,1-3年
Python爬虫工程师,20k-30k,3-5年
Python工程师（爬虫）,10k-15k,3-5年
Python爬虫工程师,6k-12k,1-3年
Python爬虫工程师,15k-30k,3-5年
Python爬虫工程师,15k-30k,3-5年
Python 爬虫方向,10k-20k,3-5年
python爬虫工程师,15k-30k,1-3年
python爬虫工程师,10k-16k,1-3年
高级Python爬虫工程师,18k-30k,1-3年
Python爬虫工程师,15k-25k,3-5年
python爬虫工程师,17k-32k,3-5年
Python研发工程师(爬虫方向),16k-22k,3-5年
python爬虫工程师,15k-20k,1-3年
高级爬虫工程师/python开发,10k-15k,3-5年
python爬虫工程师,10k-20k,3-5年
Python爬虫工程师,25k-35k,3-5年
Python 爬虫工程师-Java,8k-11k,3-5年
爬虫-高级工程师(PYTHON),15k-20k,3-5年
Python爬虫工程师,15k-30k,3-5年
爬虫工程师（python）,10k-20k,1-3年
Python爬虫工程师,8k-12k,1-3年
Python爬虫工程师,20K-40K,3-5年
Python爬虫开发工程师,10k-15k,1-3年
天津,,
Python爬虫工程师,6k-10k,1-3年
Python爬虫工程师,20k-40k,1-3年
Python爬虫工程师,15k-30k,3-5年
Python爬虫工程师,10k-20k,1-3年
Python爬虫工程师,10k-18k,不限
Python研发工程师（爬虫方向）,9k-15k,1-3年
Python爬虫工程师,10k-15k,1-3年
Python爬虫工程师,20k-30k,3-5年
Python工程师（爬虫）,10k-15k,3-5年
Python爬虫工程师,6k-12k,1-3年
Python爬虫工程师,15k-30k,3-5年
Python爬虫工程师,15k-30k,3-5年
Python 爬虫方向,10k-20k,3-5年
python爬虫工程师,15k-30k,1-3年
python爬虫工程师,10k-16k,1-3年
positionName,salary,workYear
